idea,response
"Create a free body diagram showing a block of mass 'm' on a frictionless incline with an angle 'θ'. The diagram should depict the weight of the block, the normal force, and the force due to gravity acting along the incline.","Thoughtchain: 

1. First, we visualize the incline as a skewed rectangle or trapezoid. The incline forms an angle 'θ' with the horizontal surface. 
2. The block represented as a small rectangle (preferably square for simplicity) should rest against the incline. 
3. Forces then are represented as arrows that originate from the center of the block. 
4. The weight of the block ('mg') is a force acting vertically downwards.
5. The normal force ('N') is perpendicular to the surface of the incline, acting upwards and to the right.
6. The force due to gravity acting along the incline ('mg sin θ') is directed down along the slope of the incline.
7. Labels on the forces are necessary for clarity.

Here's the corresponding TikZ code to create the described free body diagram:

```latex
\documentclass[tikz,border=3.14mm]{standalone}

\begin{document}

\begin{tikzpicture}[force/.style={>=latex,draw=blue,fill=blue}]

    % Define the angle of inclination
    \pgfmathsetmacro{\angle}{30}

    % Draw the incline and label the angle
    \draw[thick] (0,0) -- ({8*cos(\angle)},{8*sin(\angle)}) coordinate (H);
    \draw (1,0) arc[start angle=0,end angle=\angle,radius=1] node[midway,right] {$\theta$};

    % Draw the block
    \node[draw,circle,minimum size=1cm](M) at ({3.5*cos(\angle)},{3.5*sin(\angle)}) {$m$};

    % Draw and label forces
    \draw[force,->] (M.center) -- ++(90:2) node[above] {$\text{N}$};
    \draw[force,->] (M.center) -- ++(-90:2) node[below right] {$\text{mg}$};
    \draw[force,->] (M.center) -- ++(\angle-180:2) node[below left] {$\text{mg}\sin{\theta}$};

\end{tikzpicture}

\end{document}
```
This code uses the TikZ library and the standalone package to generate a diagram that fulfills the given requirements. Arrows are drawn to represent different forces acting on the block 'm', each labelled with the force it symbolizes. Adjust the value of the \angle variable to change the angle of the incline. Note that this code will produce a diagram where the angle of the incline, the rectangle and the forces are not to scale."
"Create a TikZ diagram to represent a free body diagram of a plane inclined at an angle of 30 degrees with four forces acting on it: the weight of the plane, the normal force, friction, and an applied force. Show the angles at which each force is acting with respect to the inclined plane.","Okay, let's define the sequence of drawing the diagram:

1. Start off by creating the inclined plane with an angle of 30 degrees. This angle can be represented by a curve from the base, or horizontal.

2. On top of the inclined plane, illustrate the plane object as a rectangle. 

3. Draw the four forces acting at various angles relative to the inclined plane. Specifically:

    - The weight will be acting vertically down from the center of the plane (rectangle).
    - The normal force will be perpendicular to the plane, so it will be drawn at an angle of 30 degrees to the vertical line.
    - The frictional force will be in opposite direction to the direction of motion, acting along the surface of the plane.
    - Similarly, the applied force will be along the inclined plane, but in the direction of motion.

4. Show the angle between the forces and the plane surface.

Now, let's transfer our thoughts into a TikZ code.

```tex
\documentclass[tikz,border=3mm]{standalone}
\usepackage{tikz}
\begin{document}
\begin{tikzpicture}

% Draw the inclined plane
\draw[thick] (0,0) -- (5,0) -- (5,2.75) -- cycle;
\draw (5,0) arc [radius=1cm, start angle=0, end angle=30];
\node at (5.5,0.5) {$30^{\circ}$};

% Draw the plane as a rectangle
\draw[fill=gray!20!] (3,1) rectangle ++(1,0.5);

% Draw the forces

% Weight
\draw[-stealth,thick,red] (3.5,1.25) -- (3.5,0.25);
\node at (3.2,0.7) {$Weight$};

% Normal force
\draw[-stealth,thick,blue] (4,1.25) -- (4,2.25);
\node at (4.4,1.5) {$Normal$};

% Frictional force
\draw[-stealth,thick,green] (3.5,1.75) -- (2.5,1.75);
\node[left] at (2.5,1.75) {$Friction$};

% Applied force
\draw[-stealth,thick,orange] (3.5,1.75) -- (4.5,1.75);
\node[right] at (4.5,1.75) {$Applied$};

\end{tikzpicture}
\end{document}
```
Kindly note that you have to compile this code in a TeX distribution for it to work correctly."
"Create a TikZ diagram depicting a free body diagram of a block on an inclined plane, showing forces such as gravitational force, normal force, and friction force, with proper annotation for each force.","Chain of thoughts:

1. To depict a free body diagram, I should represent the block as a square on an inclined plane.
2. The inclined plane should be a slanted line or rectangle.
3. The gravitational force acts downwards, represented by an arrow pointing downwards from the center of the block.
4. The normal force acts perpendicular to the plane, so should be an arrow pointing directly away from the inclined plane, originating from the block.
5. The frictional force opposes the motion, so it should be an arrow pointing towards the top of the inclined plane, originating from the block.
6. The force vectors should be labeled with the respective force names (gravitational, normal, friction).

TikZ code:
```
\documentclass[tikz,border=2mm]{standalone}
\begin{document}
\begin{tikzpicture}

% Define coordinates
\coordinate (A) at (0,0);
\coordinate (B) at (3,0);
\coordinate (C) at (3,1);
\coordinate (D) at (0,1);

% Draw the plane
\draw (A)--(B)--(C)--cycle;

% Place the block
\fill[gray] ($ (B)!.5!(C) + (0,-1) $) coordinate (M) circle (4pt);

% Draw force vectors
\draw[-latex] (M) -- +(270:1.5) node[midway,right] {Gravitational force};
\draw[-latex] (M) -- +(155:1.5) node[midway,above] {Normal force};
\draw[-latex] (M) -- +(20:1.5) node[midway,above] {Friction force};

\end{tikzpicture}
\end{document}
```
This code will draw a triangle to represent the inclined plane, place a block on the plane, and draw arrows to represent the different forces. Each arrow is labeled with the corresponding force name."
"Generate the TikZ code for a free body diagram showing a box on an inclined plane. The diagram should include forces such as the gravitational force, the normal force, the frictional force, and the force component of the weight parallel to the plane. Please label all the forces and angles appropriately.","First we'll start by outlining the ground and the inclined plane. A box will be placed on the plane to represent the object of interest. Then we'll show and label the different forces acting on the box:

1. The gravitational force acting vertically downwards.
2. The normal force perpendicular to the inclined plane.
3. The frictional force opposite to the direction of the motion.
4. The force component of the weight parallel to the plane.

We'll also show and label the angle of inclination. Now let's generate the code:

```latex
\documentclass[tikz,border=5mm]{standalone}
\begin{document}
\begin{tikzpicture}[force/.style={>=latex,draw=blue,fill=blue}]

% Draw the inclined plane
\draw[thick] (0,0) -- (4,0) -- (4,3) -- cycle;

% Angle of inclination
\draw[fill=blue!15] (1,0) arc (0:37:1);
\node at (0.8,0.3) {$\theta$};

% Draw the box
\draw (3,2.25) rectangle ++(0.5, 0.5);
\node at (3.2,2.5) {Box};

% Draw and label forces
\draw[force,->] (3.2,2.5) --++ (0,-1.5) node[midway,right] {Gravity};
\draw[force,->] (3.2,2.75) --++ (37:1.5) node[midway,above] {Normal};
\draw[force,->] (3.2,2.5) --++ (-37:1.5) node[midway,above] {Friction};
\draw[force,->] (3.2,2.25) --++ (0:-1.5) node[midway,below] {Weight component};

\end{tikzpicture}
\end{document}
```

Please note that the actual angles and lengths of the vectors in this diagram are not based on real physical quantities or scale. The diagram is schematic and the vectors are only meant to show the general direction and types of forces involved."
"Create a TikZ diagram that shows a free body diagram of a block on an inclined plane. The diagram must illustrate the forces acting on the block including friction, normal force, weight, and the resulting force. The angles of the forces should be accurately represented with degrees mentioned.","To create this diagram, I'll start by drawing the inclined plane at a certain angle. Then, I'll draw a rectangular block on the plane to represent the object. 

The forces acting on the block are:

1. Gravity (weight), which acts vertically downward.
2. Normal force, which acts perpendicular to the surface of the plane.
3. Frictional force, which tries to resist the motion and is parallel to the plane, and,
4. The net force or resulting force, which would be the vector sum of these forces.

For each of these forces, I'll draw an arrow starting from the center of the block pointing in the direction the force is acting.

Finally, I will label the angles and the forces.

Let's now write the TikZ code for this diagram.

```latex
\documentclass[tikz,border=10pt]{standalone}
\usepackage{tikz-3dplot}

\begin{document}
\tdplotsetmaincoords{70}{110}
\begin{tikzpicture}[scale=1, tdplot_main_coords]

\coordinate (O) at (0,0,0);
\tdplotsetcoord{P}{2.5}{50}{80}
\tdplotsetcoord{G}{1.5}{90}{-90}

\draw[thick,->] (O) -- (2.5,0,0) node[anchor=north east]{$x$};
\draw[thick,->] (O) -- (0,2.5,0) node[anchor=north west]{$y$};
\draw[thick,->] (O) -- (0,0,2.5) node[anchor=south]{$z$};

\fill[red!30!white, draw=black] (1,-.35,0) -- ++(-60:.8) -- ++(0,0,.5) -- ++(60:.8) -- cycle;

\draw[thick,->,blue] (P) -- (Pxy);
\draw[thick,->,red] (P) -- ($(O)!0.5!(P)$) node[midway, above] {Weight};
\draw[thick,->,green] (P) -- ($(P)!1.5!(Pxy)$) node[right] {Normal};
\draw[thick,->,purple] (P) -- (Pz) node[above] {Friction};
\draw[thick,->,orange] (P) -- ($(O)!1.5!(P)$) node[midway, left] {Resultant};

\tdplotdrawarc[tdplot_main_coords]{(O)}{0.5}{0}{60}{anchor=north}{$\theta$}

\end{tikzpicture}
\end{document}
```
This code creates a 3D block on an inclined plane at an angle of theta, and draws the four force vectors acting on it. The colors are also added to differentiate between the different forces. The angles are marked in degrees for proper representation."
"Generate the TikZ code for a free body diagram showing a box inclined at an angle of 30 degrees on a frictionless surface. The box must have forces acting on it including gravity, normal force, and the force resulting from an applied push. Label all forces with appropriate annotations.","Firstly, establish how to position the elements of the diagram. The box will be situated on an inclined plane with an angle of 30 degrees. To achieve this, use the 'rotate around' functionality in TikZ. 

Nextly, illustrate the forces acting on the box. There will be three forces to represent: gravity (acting downward), the normal force (perpendicular to the plane), and the applied force (in direction of motion). These force lines will each protrude from the center of the box and are best represented by arrows.

Lastly, add annotations beside each force line to describe them. Add small nodes at the end of each vector (line) to represent the direction of the force. Ensure these nodes do not overlap with each other or with the box.

Here is the LaTeX code:

```latex
\documentclass[tikz]{standalone}
\usepackage{tikz}

\begin{document}
\begin{tikzpicture}

% Draw inclined plane
\draw[thin,fill=gray!30, rotate around={-30:(0,0)}] (-2,-1) rectangle (2,1);

% Draw box
\draw[thick, rotate around={-30:(0,0)}] (-0.5,0) rectangle (0.5,1);

% Draw forces
\draw[->,thick,blue] (0,0.5) --++ (0,-1.5) node[below] {Gravity};
\draw[->,thick,red] (0,0.5) --++ (-30:1.5) node[right] {Applied force};
\draw[->,thick,green] (0,0.5) --++ (60:1.5) node[above] {Normal force};

\end{tikzpicture}
\end{document}
```

When compiled, this TikZ code will produce a free body diagram of a box on an inclined plane with arrows representing gravity, normal force, and the applied force, all of which are suitably labeled. The box and plane are tilted 30 degrees counter-clockwise to represent the incline. The arrows originate from the center of the box, illustrating the forces imposed on it."
"Create a free body diagram illustrating a box on a inclined plane with a 30-degree angle. Show all the forces acting on the box including the weight of the box, the normal force, frictional force, and the component of the weight acting down the slope. Label all forces and angles.","Chain of thoughts:
1. To create the diagram, first, I need to draw an inclined plane at a 30-degree angle.
2. On the inclined plane, I will draw a box to represent the object in question.
3. Next, I will depict the forces acting on the box:
    1. The weight of the object (vertical downward force).
    2. The normal force (perpendicular to the inclined plane, upward).
    3. The component of the weight acting down the slope (along the plane, downward).
    4. The frictional force (along the plane, upward).
4. Each force will be labeled and represented as vectors (arrows) pointing in the right direction.
5. Lastly, I will label the angle of inclination.

Here is the LaTeX TikZ code achieving the aforementioned steps:

```latex
\documentclass[tikz,border=3.14mm]{standalone}
\usepackage{tikz-3dplot}
\begin{document}
\tdplotsetmaincoords{70}{110}
\begin{tikzpicture}[tdplot_main_coords,scale=2,>=latex]
    
    % draw box on inclined plane
    \draw[thick, fill=gray!30] (0,0,0) -- (2,0,0) -- (2,0,-1) -- (0,0,-1) -- cycle;
    
    % draw inclined plane
    \draw[thick] (0,0,0) -- (3,0,0) -- (3,0,-1.732) -- cycle;
    
    % draw forces
    \draw[->,red] (1,0,-0.5) -- (1,0,-2) node[pos=1.1] {$W$}; % weight
    \draw[->,blue] (1,0,-0.5) -- (1,-1,-0.5) node[pos=1.1] {$N$}; % Normal
    \draw[->,green] (1,0,-0.5) -- (2.5,0,-1.5) node[pos=1.1] {$W_{//}$}; % Parallel weight component
    \draw[->,orange] (1,0,-0.5) -- (0,0,0) node[pos=1.1] {$f$}; % Friction 
    
    % draw and label angle 
    \draw[thin] (1,0,-0.75) arc (180:150:0.75);
    \node at (1.2,0,-0.9) {$30^\circ$};
    
\end{tikzpicture}
\end{document}
```

This TikZ code will generate a 3d plot with an inclined plane at a 30-degree angle. A box represented as a gray rectangle is placed on the plane. The forces acting on the box are depicted with arrows: the weight (W) in red pointing downward; the normal force (N) in blue pointing upwards from the box; the friction (f) in orange pointing upwards along the inclined plane; and the component of the weight acting down the slope (parallel component of W: W//) in green pointing downwards along the plane. The angle of the inclined plane is denoted as 30 degrees."
"Create a TikZ diagram that represents a free body diagram of a car moving uphill. The diagram should show all forces acting on the car including gravitational pull, normal force, friction, and the driving force. The incline of the hill should be clearly illustrated and the direction of each force should also be accurately depicted.","Here is how I would approach creating the diagram:

1. Define the frame:
   First, we need to create a frame for our diagram. The diagram will involve the illustration of a car on a hill, so we need some space to make it clearer.

2. Drawing the car:
   I will draw a rectangle to represent the car. The car will be placed on a line representing the hill.

3. Drawing the hill:
   The hill will be represented as a slanted line. This will be done by creating a line at an angle that is lower on the left and raised on the right to illustrate the hill's incline.
   
4. The forces:
   Arrows will be used to represent the forces. These arrows will be labeled so that it is clear which force each arrow represents.
   - The force of gravity will be an arrow going straight down from the car.
   - The normal force will be an arrow pointing perpendicular to the direction of the hill.
   - The frictional force will be an arrow pointing down the hill because friction always opposes movement.
   - The driving force will be an arrow pointing up the hill because that is the direction that the car is going in.

With these steps in mind, here is the TikZ code to illustrate this:

```latex
\documentclass[tikz,border=2mm]{standalone}
\begin{document}
\begin{tikzpicture}

% Define the angle of the hill
\pgfmathsetmacro{\hillangle}{30}

% Draw the hill
\draw[line width=1pt] (-3,0) -- (3,0);
\draw[line width=1pt, rotate=\hillangle] (0,0) -- (2,0);

% Draw the car
\draw[rotate=\hillangle] (1,0.4) rectangle (1.8,0.7);

% Draw the forces
% Gravity
\draw[->,red,line width=1pt] (1.4,0.55) -- (1.4,-0.5) node[below] {$F_{\mathrm{gravity}}$};

% Normal force
\draw[->,blue,line width=1pt,rotate=\hillangle] (1.4,0.4) -- (1.4,1.4) node[left] {$F_{\mathrm{normal}}$};

% Friction
\draw[->,green,line width=1pt,rotate=\hillangle] (1.8,0.55) -- (1.2,0.55) node[below] {$F_{\mathrm{friction}}$};
  
% Driving force
\draw[->,orange,line width=1pt,rotate=\hillangle] (1,0.55) -- (1.6,0.55) node[above] {$F_{\mathrm{drive}}$};

\end{tikzpicture}
\end{document}
```

This code creates a standalone TikZ picture with a car represented as a rectangle on a hill and four arrows for the four forces. Each arrow is colored differently and labeled with the name of the corresponding force. Please replace the colors, sizes, and positions as necessary to fit your requirements."
"Create a TikZ diagram of a free body diagram showing a block on an inclined plane experiencing forces such as gravity, normal force, and friction. The block should be positioned mid-slope and the forces should be represented with arrows clearly labelled. The angle of inclination, theta, should also be marked.","First, I'll consider that there will be a rectangle to represent the block placed on the inclined plane, which is represented by a line. Then, the forces in play here will be represented by arrows originating from the center of the block.

1. The force of gravity should originate from the center of the block and act straight downwards.
2. The normal force will act perpendicularly to the inclined plane, originating from the centre of the block. 
3. Friction force will act along the inclined plane but opposite to the direction of motion of the block (the direction the block would naturally move due to gravity).
4. The angle of inclination, θ, will be adjacent to the block along the plane, marked with arc.

Here is the respective TikZ/Latex code:

```tex
\documentclass[tikz,border=3.14mm]{standalone}
\usepackage{tikz}

\begin{document}
\begin{tikzpicture}[scale=1, transform shape]

% Define the block
\draw (0,0) rectangle (1,1);
\node at (0.5,0.5) {$m$};

% Define the inclined plane
\draw[thick, ->] (-1,-1) -- (4,-1);
\draw[thick] (-0.2,-0.2) -- (3.8,-0.2);
\draw (3.5,-0.7) -- (3.5,-0.3) -- (3.8,-0.3);

% Mark the angle
\fill[fill=gray!30] (0,0) -- (0.7,0) arc (0:20:0.7) -- cycle;
\node at (1,0.5) {$\theta$};

% Gravity force
\draw[-latex, red] (0.5,0.5) -- (0.5,-0.5) node[below] {$mg$};

% Normal force
\draw[-latex, blue] (0.5,0.5) -- (1.8,1.8) node[above] {$N$};

% Friction force
\draw[-latex, green] (0.5,0.5) -- (-0.5,0.5) node[left] {$F_{\text{fr}}$};

\end{tikzpicture}
\end{document}
```

This code begins by drawing the block and the inclined plane. The angle of inclination is marked using arc. The forces (gravity, normal, and friction) are represented by arrows that start from the center of the block and are labeled accordingly. The gravity vector points directly down vertically, while the normal force is perpendicular to the inclined plane. The friction force is parallel to the plane but in the opposite direction to the direction the block would naturally slide due to gravity."
"Create a TikZ diagram of a free body diagram depicting a block on an inclined plane that includes forces like gravity, normal force, and friction. Add direction arrows for each force and label them accurately. Also, include components of the gravitational force parallel and perpendicular to the inclined plane.","The task is to create a diagram of a block on an inclined plane. The forces acting on the block include:

1. Gravitational force which pulls the box downwards.
2. Normal force which acts perpendicular to the plane.
3. Friction force that opposes movement and acts parallel to plane in opposite direction of motion.

In addition to above, we also need to display the gravitational force components:

1. The component perpendicular to the plane.
2. The component parallel to the plane. It is this force that is attempting to slide the block downwards.

We'll represent each force with an arrow. Force names will be placed near the arrows for identification. The inclined plane and the block will be drawn as simple geometrical shapes. All forces are vectored from the center of the block.

Now, for the TikZ code:

```latex
\documentclass[tikz,border=10pt]{standalone}
\usepackage{amsmath, amssymb}

\begin{document}
\begin{tikzpicture}[force/.style={>=latex,draw=blue,fill=blue},scale=1.2]
  \draw[thick] (-2,-1) -- (2,-1) -- (0,1) -- cycle; % Inclined Plane
  \node at (-0.5,0) {Block}; % Block

  \draw[force,->] (0,0) -- +(0,-1) node[midway,right] {Gravity $\vec{g}$}; % Gravity
  \draw[force,->] (0,0) -- +(0,1) node[midway,left] {Normal force $\vec{N}$}; % Normal force
  \draw[force,->] (0.2,0) -- +(1,0) node[midway,above] {Friction $\vec{f}$}; % Friction

  % Components of gravity
  \draw[force,->,dashed] (0,0) -- +(-1,-1) node[midway,above left] {$\vec{g}_\perp$}; % Perpendicular
  \draw[force,->,dashed] (0,0) -- +(1,-1) node[midway,below right] {$\vec{g}_\parallel$}; % Parallel

\end{tikzpicture}
\end{document}
```

This code will create the described free body diagram of a block on an inclined plane with labeled forces and components of gravity."
